title,category,volumes,user_id,id,last_updated,status
Animal Farm,Novel,"[""1""]",6f9750bd-eace-4bf7-92d2-068033cc1bb7,1,2026-03-22 11:30:47.449747+00,green
Conan,Novel,"[""1""]",6f9750bd-eace-4bf7-92d2-068033cc1bb7,2,2026-03-22 11:30:47.449747+00,green
Dan Brown,Novel,"[""origin"", ""the lost symbol"", ""interno"", ""davinci code"", ""angle and demons""]",6f9750bd-eace-4bf7-92d2-068033cc1bb7,3,2026-03-22 11:30:47.449747+00,green
Fantastic Beasts,Novel,"[""fantastic beast and where to find them""]",6f9750bd-eace-4bf7-92d2-068033cc1bb7,4,2026-03-22 11:30:47.449747+00,red
Harry Potter,Novel,"[""Harry Potter and the Philosopher's Stone"", ""Harry Potter and the Chamber of Secrets"", ""Harry Potter and the Prisoner of Azkaban"", ""Harry Potter and the Goblet of Fire"", ""Harry Potter and the Order of the Phoenix"", ""Harry Potter and the Half-Blood Prince"", ""Harry Potter and the Deathly Hallows""]",6f9750bd-eace-4bf7-92d2-068033cc1bb7,5,2026-03-22 11:30:47.449747+00,green
Moomin,Novel,"[""\u0e42\u0e25\u0e01\u0e43\u0e19\u0e2b\u0e38\u0e1a\u0e40\u0e02\u0e32\u0e21\u0e39\u0e21\u0e34\u0e19""]",6f9750bd-eace-4bf7-92d2-068033cc1bb7,6,2026-03-22 11:30:47.449747+00,green
Percy Jackson,Novel,"[""percy jackson and the lightning thief"", ""percy jackson and the sea of monster"", ""percy jackson and the titan's curse"", ""percy jackson and the battle of the labyrinth"", ""percy jackson and the last olympian""]",6f9750bd-eace-4bf7-92d2-068033cc1bb7,7,2026-03-22 11:30:47.449747+00,green
Sakura no Ame,Novel,"[""\u0e22\u0e32\u0e21\u0e40\u0e21\u0e37\u0e48\u0e2d\u0e0b\u0e32\u0e01\u0e38\u0e23\u0e30\u0e42\u0e1b\u0e23\u0e22\u0e1b\u0e23\u0e32\u0e22""]",6f9750bd-eace-4bf7-92d2-068033cc1bb7,8,2026-03-22 11:30:47.449747+00,green
Sherlock Holmes,Novel,"[""a study in scarlet"", ""the sign of four"", ""the hound of the baskervilles"", ""the valley of fear"", ""the adventures of sherlock holmes"", ""the memoirs of sherlock holmes"", ""the return of sherlock holmes"", ""his last bow"", ""the case-book of sherlock holmes"", ""the private life of sherlock holmes"", ""the seven-per-cent solution"", ""the west end horror"", ""the exploits""]",6f9750bd-eace-4bf7-92d2-068033cc1bb7,9,2026-03-22 11:30:47.449747+00,green
The Last Policeman,Novel,"[""1""]",6f9750bd-eace-4bf7-92d2-068033cc1bb7,10,2026-03-22 11:30:47.449747+00,green
Your Name,Novel,"[""another side"", ""write novel""]",6f9750bd-eace-4bf7-92d2-068033cc1bb7,11,2026-03-22 11:30:47.449747+00,green
Narnia,Novel,"[""\u0e01\u0e33\u0e40\u0e19\u0e34\u0e14\u0e19\u0e32\u0e23\u0e4c\u0e40\u0e19\u0e35\u0e22"", ""\u0e15\u0e39\u0e49\u0e1e\u0e34\u0e28\u0e27\u0e07"", ""\u0e2d\u0e32\u0e0a\u0e32\u0e01\u0e31\u0e1a\u0e40\u0e14\u0e47\u0e01\u0e0a\u0e32\u0e22"", ""\u0e40\u0e08\u0e49\u0e32\u0e0a\u0e32\u0e22\u0e41\u0e04\u0e2a\u0e40\u0e1b\u0e35\u0e49\u0e22\u0e19"", ""\u0e1c\u0e08\u0e0d\u0e20\u0e31\u0e22\u0e42\u0e1e\u0e49\u0e19\u0e17\u0e30\u0e40\u0e25"", ""\u0e40\u0e01\u0e49\u0e32\u0e2d\u0e35\u0e49\u0e40\u0e07\u0e34\u0e19"", ""\u0e2d\u0e27\u0e2a\u0e32\u0e19\u0e01\u0e32\u0e23\u0e22\u0e38\u0e17\u0e18\u0e4c""]",6f9750bd-eace-4bf7-92d2-068033cc1bb7,12,2026-03-22 11:30:47.449747+00,green
คดีฆาตกรรมบนเนินอิโตะโมริ,Novel,"[""1""]",6f9750bd-eace-4bf7-92d2-068033cc1bb7,13,2026-03-22 11:30:47.449747+00,green
คดีบ้าน,Novel,"[""\u0e04\u0e14\u0e35\u0e06\u0e32\u0e15\u0e23\u0e01\u0e23\u0e23\u0e21\u0e43\u0e19\u0e1a\u0e49\u0e32\u0e19\u0e2a\u0e34\u0e1a\u0e40\u0e2b\u0e25\u0e35\u0e48\u0e22\u0e21""]",6f9750bd-eace-4bf7-92d2-068033cc1bb7,14,2026-03-22 11:30:47.449747+00,yellow
คฤหาสน์ความลับ,Novel,"[""1"", ""2""]",6f9750bd-eace-4bf7-92d2-068033cc1bb7,15,2026-03-22 11:30:47.449747+00,green
ความรู้สึกที่ยังไม่มีบทสรุป,Novel,"[""1""]",6f9750bd-eace-4bf7-92d2-068033cc1bb7,16,2026-03-22 11:30:47.449747+00,green
Cubic,Novel,"[""1"", ""2"", ""3"", ""4""]",6f9750bd-eace-4bf7-92d2-068033cc1bb7,17,2026-03-22 11:30:47.449747+00,green
คุณข้าว (Series),Novel,"[""\u0e17\u0e48\u0e2d\u0e07\u0e40\u0e17\u0e35\u0e48\u0e22\u0e27\u0e01\u0e31\u0e1a\u0e04\u0e38\u0e13\u0e09\u0e25\u0e32\u0e21"", ""\u0e40\u0e01\u0e34\u0e14\u0e40\u0e1b\u0e47\u0e19\u0e04\u0e38\u0e13\u0e40\u0e15\u0e48\u0e32"", ""\u0e17\u0e30\u0e40\u0e25\u0e04\u0e38\u0e13\u0e22\u0e31\u0e01\u0e29\u0e4c"", ""\u0e04\u0e38\u0e01\u0e01\u0e35\u0e49\u0e41\u0e2d\u0e19\u0e14\u0e4c\u0e04\u0e23\u0e35\u0e21"", ""\u0e04\u0e39\u0e48\u0e21\u0e37\u0e2d\u0e04\u0e38\u0e13\u0e40\u0e0a\u0e2a"", ""\u0e2a\u0e40\u0e1b\u0e40\u0e0a\u0e35\u0e22\u0e25""]",6f9750bd-eace-4bf7-92d2-068033cc1bb7,18,2026-03-22 11:30:47.449747+00,green
เจ้าชายน้อย,Novel,"[""1""]",6f9750bd-eace-4bf7-92d2-068033cc1bb7,19,2026-03-22 11:30:47.449747+00,green
ชีวิตมหัศจรรย์ของออกัสต์,Novel,"[""1""]",6f9750bd-eace-4bf7-92d2-068033cc1bb7,20,2026-03-22 11:30:47.449747+00,green
Senpai,Novel,"[""1""]",6f9750bd-eace-4bf7-92d2-068033cc1bb7,21,2026-03-22 11:30:47.449747+00,green
ดอกไม้ราตรี,Novel,"[""1""]",6f9750bd-eace-4bf7-92d2-068033cc1bb7,22,2026-03-22 11:30:47.449747+00,green
ดอกไม้ไฟต้องมองจากด้านล่างหรือด้านข้าง,Novel,"[""1""]",6f9750bd-eace-4bf7-92d2-068033cc1bb7,23,2026-03-22 11:30:47.449747+00,green
เดอะซิกเซนส์ (The Sixth Sense),Novel,"[""\u0e13\u0e32\u0e13\u0e2a\u0e37\u0e48\u0e2d\u0e23\u0e31\u0e01"", ""\u0e01\u0e31\u0e1a\u0e14\u0e31\u0e01\u0e23\u0e31\u0e01\u0e25\u0e27\u0e07"", ""\u0e40\u0e25\u0e2b\u0e4c\u0e1a\u0e48\u0e27\u0e07\u0e21\u0e19\u0e15\u0e23\u0e32"", ""\u0e21\u0e32\u0e22\u0e32\u0e23\u0e49\u0e2d\u0e22\u0e43\u0e08"", ""\u0e40\u0e1b\u0e25\u0e44\u0e1f\u0e43\u0e19\u0e2a\u0e32\u0e1a\u0e25\u0e21""]",6f9750bd-eace-4bf7-92d2-068033cc1bb7,24,2026-03-22 11:30:47.449747+00,green
แดนดาวเนเวอร์ดาย (แดนดาว),Novel,"[""1""]",6f9750bd-eace-4bf7-92d2-068033cc1bb7,25,2026-03-22 11:30:47.449747+00,green
เด็กชายในชุดนอนลายทาง,Novel,"[""1""]",6f9750bd-eace-4bf7-92d2-068033cc1bb7,26,2026-03-22 11:30:47.449747+00,green
ไตรฉัตร,Novel,"[""1""]",6f9750bd-eace-4bf7-92d2-068033cc1bb7,27,2026-03-22 11:30:47.449747+00,green
ที่สองไม่ไหวขอเป็นที่หนึ่ง,Novel,"[""1""]",6f9750bd-eace-4bf7-92d2-068033cc1bb7,28,2026-03-22 11:30:47.449747+00,green
บุพเพสันนิวาส,Novel,"[""\u0e1a\u0e38\u0e1e\u0e40\u0e1e\u0e2a\u0e31\u0e19\u0e19\u0e34\u0e27\u0e32\u0e2a"", ""\u0e1e\u0e23\u0e21\u0e25\u0e34\u0e02\u0e34\u0e15""]",6f9750bd-eace-4bf7-92d2-068033cc1bb7,29,2026-03-22 11:30:47.449747+00,green
ฝันถึงเรื่องนั้นอีกแล้ว,Novel,"[""1""]",6f9750bd-eace-4bf7-92d2-068033cc1bb7,30,2026-03-22 11:30:47.449747+00,green
พินิจจันทร์,Novel,"[""1""]",6f9750bd-eace-4bf7-92d2-068033cc1bb7,31,2026-03-22 11:30:47.449747+00,green
ภูเมฆ,Novel,"[""1"", ""2""]",6f9750bd-eace-4bf7-92d2-068033cc1bb7,32,2026-03-22 11:30:47.449747+00,green
มาตาลดา,Novel,"[""1"", ""2""]",6f9750bd-eace-4bf7-92d2-068033cc1bb7,33,2026-03-22 11:30:47.449747+00,green
เราต่างหลงทางในความเปลี่ยวว้าง,Novel,"[""1""]",6f9750bd-eace-4bf7-92d2-068033cc1bb7,34,2026-03-22 11:30:47.449747+00,green
แรกรัก (ลวง),Novel,"[""1""]",6f9750bd-eace-4bf7-92d2-068033cc1bb7,35,2026-03-22 11:30:47.449747+00,green
A Silent Voice,Comic,"[""1"", ""2"", ""3"", ""4"", ""5"", ""6"", ""7""]",6f9750bd-eace-4bf7-92d2-068033cc1bb7,36,2026-03-22 11:30:47.449747+00,green
Black Butler (คนลึกไขปริศนาลับ),Comic,"[""1"", ""2"", ""3"", ""4"", ""5"", ""6"", ""7"", ""8"", ""9"", ""10"", ""11"", ""12"", ""13"", ""14"", ""15"", ""16"", ""17"", ""18"", ""19"", ""20"", ""21"", ""22"", ""23"", ""24"", ""25"", ""26""]",6f9750bd-eace-4bf7-92d2-068033cc1bb7,37,2026-03-22 11:30:47.449747+00,green
Cardcaptor Sakura (ภาคโคลด์การ์ด),Comic,"[""1"", ""2"", ""3"", ""4"", ""5"", ""6"", ""7"", ""8"", ""9"", ""10"", ""11"", ""12""]",6f9750bd-eace-4bf7-92d2-068033cc1bb7,38,2026-03-22 11:30:47.449747+00,green
Cardcaptor Sakura (ภาคเคลียร์การ์ด),Comic,"[""1"", ""2"", ""3"", ""4"", ""5"", ""6"", ""7"", ""8"", ""9"", ""10"", ""11"", ""12"", ""13"", ""14"", ""15"", ""16""]",6f9750bd-eace-4bf7-92d2-068033cc1bb7,39,2026-03-22 11:30:47.449747+00,green
Dandadan,Comic,"[""1"", ""2"", ""3"", ""4"", ""5"", ""6"", ""7"", ""8"", ""9"", ""10""]",6f9750bd-eace-4bf7-92d2-068033cc1bb7,40,2026-03-22 11:30:47.449747+00,yellow
Demon Slayer,Comic,"[""1"", ""2"", ""3"", ""4"", ""5"", ""6"", ""7"", ""8"", ""9"", ""10"", ""11"", ""12"", ""13"", ""14"", ""15"", ""16"", ""17"", ""18"", ""19"", ""20"", ""21"", ""22"", ""23""]",6f9750bd-eace-4bf7-92d2-068033cc1bb7,41,2026-03-22 11:30:47.449747+00,green
Detective Conan,Comic,"[""1"", ""2"", ""3"", ""4"", ""5"", ""6"", ""7"", ""8"", ""9"", ""10"", ""11"", ""12"", ""13"", ""14"", ""15"", ""16"", ""17"", ""18"", ""19"", ""20"", ""21"", ""22"", ""23"", ""24"", ""25"", ""26"", ""27"", ""28"", ""29"", ""30"", ""31"", ""32"", ""33"", ""34"", ""35"", ""36"", ""37"", ""38"", ""39"", ""40"", ""41"", ""42"", ""43"", ""44"", ""45"", ""46"", ""47"", ""48"", ""49"", ""50"", ""51"", ""52"", ""53"", ""54"", ""55"", ""56"", ""57"", ""58"", ""59"", ""60"", ""61"", ""62"", ""63"", ""64"", ""65"", ""66"", ""67"", ""68"", ""69"", ""70"", ""71"", ""72"", ""73"", ""74"", ""75"", ""76"", ""77"", ""78"", ""79"", ""80"", ""81"", ""82"", ""83"", ""84"", ""85"", ""86"", ""87"", ""88"", ""89"", ""90"", ""91"", ""92""]",6f9750bd-eace-4bf7-92d2-068033cc1bb7,42,2026-03-22 11:30:47.449747+00,yellow
Dr. Stone,Comic,"[""1"", ""2"", ""3"", ""4"", ""5"", ""6"", ""7"", ""8"", ""9"", ""10"", ""11"", ""12"", ""13"", ""14"", ""15""]",6f9750bd-eace-4bf7-92d2-068033cc1bb7,43,2026-03-22 11:30:47.449747+00,yellow
Gakuen Babysitters (นักเรียนพี่เลี้ยงเด็ก),Comic,"[""1"", ""2"", ""3"", ""4"", ""5"", ""6"", ""7"", ""8"", ""9"", ""10"", ""11"", ""12"", ""13"", ""14"", ""15"", ""16"", ""17"", ""18"", ""19"", ""20"", ""21"", ""22"", ""23""]",6f9750bd-eace-4bf7-92d2-068033cc1bb7,44,2026-03-22 11:30:47.449747+00,green
Haikyu!!,Comic,"[""1"", ""2"", ""3"", ""4"", ""5"", ""6"", ""7"", ""8"", ""9"", ""10"", ""11"", ""12"", ""13"", ""14"", ""15"", ""16"", ""17"", ""18"", ""19"", ""20"", ""21"", ""22"", ""23"", ""24"", ""25"", ""26"", ""27"", ""28"", ""29"", ""30"", ""31"", ""32"", ""33"", ""34"", ""35"", ""36"", ""37"", ""38"", ""39"", ""40"", ""41"", ""42"", ""43"", ""44"", ""45""]",6f9750bd-eace-4bf7-92d2-068033cc1bb7,45,2026-03-22 11:30:47.449747+00,green
Himouto! Umaru-chan,Comic,"[""1"", ""2"", ""3"", ""4"", ""5"", ""6"", ""7"", ""8"", ""9"", ""10"", ""11"", ""12""]",6f9750bd-eace-4bf7-92d2-068033cc1bb7,46,2026-03-22 11:30:47.449747+00,green
Horimiya,Comic,"[""1"", ""2"", ""3"", ""4"", ""5"", ""6"", ""7"", ""8"", ""9"", ""10"", ""11"", ""12"", ""13"", ""14"", ""15"", ""16""]",6f9750bd-eace-4bf7-92d2-068033cc1bb7,47,2026-03-22 11:30:47.449747+00,green
Jujutsu Kaisen (มหาเวทผนึกมาร),Comic,"[""1"", ""2"", ""3"", ""4"", ""5"", ""6"", ""7"", ""8"", ""9"", ""10"", ""11"", ""12"", ""13"", ""14"", ""15"", ""16"", ""17"", ""18"", ""19"", ""20"", ""21"", ""22"", ""23"", ""24"", ""25"", ""26"", ""27""]",6f9750bd-eace-4bf7-92d2-068033cc1bb7,48,2026-03-22 11:30:47.449747+00,yellow
Kemono Jihen (คดีประหลาดคนปีศาจ),Comic,"[""1"", ""2"", ""3"", ""4"", ""5"", ""6"", ""7"", ""8"", ""9"", ""10"", ""11"", ""12"", ""13"", ""14"", ""15"", ""16"", ""17"", ""18"", ""19"", ""20"", ""21"", ""22""]",6f9750bd-eace-4bf7-92d2-068033cc1bb7,49,2026-03-22 11:30:47.449747+00,yellow
Moriarty the Patriot,Comic,"[""1"", ""2"", ""3"", ""4"", ""5"", ""6"", ""7"", ""8"", ""9"", ""10"", ""11"", ""12"", ""13"", ""14"", ""15"", ""16"", ""17"", ""18"", ""19""]",6f9750bd-eace-4bf7-92d2-068033cc1bb7,50,2026-03-22 11:30:47.449747+00,green
My Hero Academia,Comic,"[""1"", ""2"", ""3"", ""4"", ""5"", ""6"", ""7"", ""8"", ""9"", ""10"", ""11"", ""12"", ""13"", ""14"", ""15"", ""16"", ""17"", ""18"", ""19"", ""20"", ""21"", ""22"", ""23"", ""24"", ""25"", ""26"", ""27"", ""28"", ""29"", ""30"", ""31"", ""32"", ""33"", ""34"", ""35"", ""36"", ""37"", ""38"", ""39"", ""40"", ""41"", ""42""]",6f9750bd-eace-4bf7-92d2-068033cc1bb7,51,2026-03-22 11:30:47.449747+00,green
One Piece,Comic,"[""1"", ""2"", ""3"", ""4"", ""5"", ""6"", ""7"", ""8"", ""9"", ""10"", ""11"", ""12"", ""13"", ""14"", ""15"", ""16"", ""17"", ""18"", ""19"", ""20"", ""21"", ""22"", ""23"", ""24"", ""25"", ""26"", ""27"", ""28"", ""29"", ""30"", ""31"", ""32"", ""33"", ""34"", ""35"", ""36"", ""37"", ""38"", ""39"", ""40"", ""41"", ""42"", ""43"", ""44"", ""45"", ""46"", ""47"", ""48"", ""49"", ""50"", ""51"", ""52"", ""53"", ""54"", ""55"", ""56"", ""57"", ""58"", ""59"", ""60"", ""61"", ""62"", ""63"", ""64"", ""65"", ""66"", ""67"", ""68"", ""69"", ""70"", ""71"", ""72"", ""73"", ""74"", ""75"", ""76"", ""77"", ""78"", ""79"", ""80"", ""81"", ""82"", ""83"", ""84"", ""85"", ""86"", ""87"", ""88"", ""89"", ""90"", ""91"", ""92"", ""93"", ""94"", ""95"", ""96"", ""97"", ""98"", ""99"", ""100"", ""101"", ""102"", ""103"", ""104"", ""105"", ""106"", ""107"", ""108"", ""109"", ""110"", ""111"", ""112"", ""113""]",6f9750bd-eace-4bf7-92d2-068033cc1bb7,52,2026-08-27T08:12:12.596Z,yellow
One Punch Man,Comic,"[""1"", ""2"", ""3"", ""4"", ""5"", ""6"", ""7"", ""8"", ""9"", ""10"", ""11"", ""12"", ""13"", ""14"", ""15"", ""16"", ""17"", ""18"", ""19"", ""20"", ""21"", ""22"", ""23"", ""24"", ""25"", ""26"", ""27"", ""28"", ""29"", ""30"", ""31"", ""32"", ""33"", ""34""]",6f9750bd-eace-4bf7-92d2-068033cc1bb7,53,2026-03-22 11:30:47.449747+00,yellow
OST,Comic,"[""1"", ""2"", ""3"", ""4"", ""5""]",6f9750bd-eace-4bf7-92d2-068033cc1bb7,54,2026-03-22 11:30:47.449747+00,yellow
Sailor Moon,Comic,"[""1"", ""2"", ""3"", ""4"", ""5"", ""6"", ""7"", ""8"", ""9"", ""10"", ""11"", ""12""]",6f9750bd-eace-4bf7-92d2-068033cc1bb7,55,2026-03-22 11:30:47.449747+00,green
Sapiens,Comic,"[""1"", ""2""]",6f9750bd-eace-4bf7-92d2-068033cc1bb7,56,2026-03-22 11:30:47.449747+00,green
She in XX doll,Comic,"[""1""]",6f9750bd-eace-4bf7-92d2-068033cc1bb7,57,2026-03-22 11:30:47.449747+00,green
Sherlock (Dex),Comic,"[""\u0e01\u0e32\u0e23\u0e27\u0e34\u0e08\u0e31\u0e22\u0e2a\u0e35\u0e0a\u0e21\u0e1e\u0e39"", ""\u0e23\u0e2b\u0e31\u0e2a\u0e21\u0e23\u0e13\u0e30"", ""\u0e40\u0e01\u0e21\u0e2d\u0e31\u0e19\u0e22\u0e34\u0e48\u0e07\u0e43\u0e2b\u0e0d\u0e48"", ""\u0e40\u0e2b\u0e15\u0e38\u0e2d\u0e37\u0e49\u0e2d\u0e09\u0e32\u0e27\u0e43\u0e19\u0e40\u0e1a\u0e25\u0e40\u0e01\u0e23\u0e40\u0e27\u0e35\u0e22 (\u0e20\u0e32\u0e04\u0e15\u0e49\u0e19)"", ""\u0e40\u0e2b\u0e15\u0e38\u0e2d\u0e37\u0e49\u0e2d\u0e09\u0e32\u0e27\u0e43\u0e19\u0e40\u0e1a\u0e25\u0e40\u0e01\u0e23\u0e40\u0e27\u0e35\u0e22 (\u0e20\u0e32\u0e04\u0e08\u0e1a)""]",6f9750bd-eace-4bf7-92d2-068033cc1bb7,58,2026-03-22 11:30:47.449747+00,yellow
Spy x Family,Comic,"[""1"", ""2"", ""3"", ""4"", ""5"", ""6"", ""7"", ""8"", ""9"", ""10"", ""11"", ""12"", ""13"", ""14"", ""15"", ""16""]",6f9750bd-eace-4bf7-92d2-068033cc1bb7,59,2026-08-27T07:03:22.557Z,yellow
สืบคดีปริศนาหมอยาตำรับโคมแดง ,Comic,"[""1"", ""2"", ""3"", ""4"", ""5"", ""6"", ""7"", ""8"", ""9"", ""10"", ""11"", ""12"", ""13"", ""14"", ""15"", ""16""]",6f9750bd-eace-4bf7-92d2-068033cc1bb7,60,2026-08-27T08:10:42.838Z,yellow
The Promised Neverland,Comic,"[""1"", ""2"", ""3"", ""4"", ""5"", ""6"", ""7"", ""8"", ""9"", ""10"", ""11"", ""12"", ""13"", ""14"", ""15"", ""16"", ""17"", ""18"", ""19"", ""20""]",6f9750bd-eace-4bf7-92d2-068033cc1bb7,61,2026-03-22 11:30:47.449747+00,green
พ่อบ้านสุดเก๋า,Comic,"[""1"", ""2"", ""3"", ""4"", ""5"", ""6"", ""7"", ""8"", ""9"", ""10"", ""11"", ""12"", ""14"", ""15""]",6f9750bd-eace-4bf7-92d2-068033cc1bb7,62,2026-03-22 11:30:47.449747+00,yellow
Wotakoi (ยากแท้จริงหนอรักของโอตาคุ),Comic,"[""1"", ""2"", ""3"", ""4"", ""5"", ""6"", ""7"", ""8"", ""9"", ""10"", ""11""]",6f9750bd-eace-4bf7-92d2-068033cc1bb7,63,2026-03-22 11:30:47.449747+00,green
ฉันไม่ชอบทั้งโลก,Comic,"[""1"", ""2""]",6f9750bd-eace-4bf7-92d2-068033cc1bb7,64,2026-03-22 11:30:47.449747+00,green
บริษัทรับจ้างทำลายรัก,Comic,"[""1""]",6f9750bd-eace-4bf7-92d2-068033cc1bb7,65,2026-03-22 11:30:47.449747+00,red
ประโยคสัญลักษณ์,Comic,"[""1"", ""2""]",6f9750bd-eace-4bf7-92d2-068033cc1bb7,66,2026-03-22 11:30:47.449747+00,green
มุนิน,Comic,"[""1"", ""2"", ""3"", ""4"", ""5"", ""6""]",6f9750bd-eace-4bf7-92d2-068033cc1bb7,67,2026-03-22 11:30:47.449747+00,green
วันวันของพวกผมก็แบบนี้แหละ,Comic,"[""1"", ""2"", ""3"", ""4"", ""5"", ""6"", ""7""]",6f9750bd-eace-4bf7-92d2-068033cc1bb7,69,2026-03-22 11:30:47.449747+00,green
แต่งเอง,Comic,"[""1""]",6f9750bd-eace-4bf7-92d2-068033cc1bb7,70,2026-03-22 11:30:47.449747+00,green
คิวบิค,EBook,"[""1"", ""2"", ""3"", ""4""]",6f9750bd-eace-4bf7-92d2-068033cc1bb7,71,2026-03-22 11:30:47.449747+00,green
สิงสาลาตาย,EBook,"[""1""]",6f9750bd-eace-4bf7-92d2-068033cc1bb7,72,2026-03-22 11:30:47.449747+00,green
บันทึกคุณเพื่อน,EBook,"[""1""]",6f9750bd-eace-4bf7-92d2-068033cc1bb7,73,2026-03-22 11:30:47.449747+00,green
เรื่องบังเอิญ,EBook,"[""1""]",6f9750bd-eace-4bf7-92d2-068033cc1bb7,74,2026-03-22 11:30:47.449747+00,green
when i wasjust a litel girl,EBook,"[""1""]",6f9750bd-eace-4bf7-92d2-068033cc1bb7,75,2026-03-22 11:30:47.449747+00,green
หนานฮ่าวซ่างเฟิง,Comic,"[""1"", ""2"", ""3""]",6f9750bd-eace-4bf7-92d2-068033cc1bb7,76,2026-06-16T06:12:13.081Z,yellow
kaiju no 8,Comic,"[""1"", ""2"", ""3"", ""4"", ""5"", ""6"", ""7"", ""8"", ""9"", ""10"", ""11"", ""12"", ""13"", ""14"", ""15"", ""16""]",6f9750bd-eace-4bf7-92d2-068033cc1bb7,1781584514893,2026-08-27T07:05:43.421Z,green
คดีลับใต้หมู่ดาว,Novel,"[""1"", ""2"", ""3""]",6f9750bd-eace-4bf7-92d2-068033cc1bb7,1787815424077,2026-08-27T07:34:29.108Z,green
Shugo-Chara! คาแรคเตอร์ผู้พิทักษ์!,Comic,"[""01_01"", ""01_02"", ""01_03"", ""01_04"", ""01_05"", ""01_06"", ""01_07"", ""01_08"", ""01_09"", ""01_10"", ""01_11"", ""01_12"", ""02_01"", ""02_02""]",6f9750bd-eace-4bf7-92d2-068033cc1bb7,1787818079220,2026-08-27T08:09:21.596Z,yellow
ลุ้นรักฉบับคู่ต่างขั้ว,Comic,"[""1"", ""2"", ""3"", ""4"", ""5"", ""6"", ""7""]",6f9750bd-eace-4bf7-92d2-068033cc1bb7,1787818269953,2026-08-27T08:11:27.116Z,green
เฟื่องนคร,Novel,"[""1""]",6f9750bd-eace-4bf7-92d2-068033cc1bb7,1787818384549,2026-08-27T08:13:14.261Z,green
ทำนายทายทัพ,Novel,"[""1""]",6f9750bd-eace-4bf7-92d2-068033cc1bb7,1787818470772,2026-08-27T08:14:59.814Z,green
ความรักทำมุมสององศา,Novel,"[""1""]",6f9750bd-eace-4bf7-92d2-068033cc1bb7,1787818488758,2026-08-27T08:14:53.803Z,green
เขมจิราต้องรอด,Novel,"[""1""]",6f9750bd-eace-4bf7-92d2-068033cc1bb7,1787818527702,2026-08-27T08:15:35.191Z,green
